"1","Brihad Bhagavatamrita","BB"
"2","Bhagavad Gita","BG"
"3","Srimad Bhagavad Gita","SBG"
"4","Braja Mandala Parikrama","BMP"
"5","Bhajana Rahasya","BR"
"6","Bhakti Rasamrita Sindhu","BRS"
"7","Bhakti Rasamrita Sindhu Bindhu","BRSB"
"8","Brahma Samhita","BS"
"9","Bhakti Tattva Viveka","BTV"
"10","Caitanya Bhagavata","CB"
"11","Caitanya Caritamrita","CC"
"12","Caitanya Caritamrita - Adi Lila","CC Adi"
"13","Caitanya Caritamrita - Madhya Lila","CC Mad"
"14","Caitanya Caritamrita - Antya Lila","CC Antya"
"15","Gita Govinda","GG"
"16","Gaudiya Kanthahara","GKH"
"17","Hari Bhakti Vilasa","HBV"
"18","Jaiva Dharma","JD"
"19","Kirtaniyah Sada Harih","KSD"
"20","Madhurya Kadambini","MK"
"21","Manah Siksa","MS"
"22","Origin of Ratha Yatra","ORY"
"23","Prapanna Jivanamritam","PJ"
"24","Prema Samputa","PS"
"25","Prabandha Pancakam","PP"
"26","Radha Rasa Sudha Nidhi","RRSN"
"27","Srimad Bhagavatam","SB"
"28","Sri Gaudiya Giti Guccha","SGGG"
"29","Siksastaka","SS"
"30","Venu Gita","VG"
"31","Vilapa Kusumanjalih","VK"
"32","Upadesamrita","Upad."
"33","Adi Purana","ADIP"
"34","Aditya Purana","ADTY"
"35","Amnaya Sutra","AMNS"
"36","Ananta Samhita","ANTS"
"37","Atma Nivedana","ATNV"
"38","Bhagavat Sandarbha","BHGS"
"39","Bhajahu Re Mana","BHRM"
"40","Bhakti Ratnakara","BHRK"
"41","Bhakti Sandarbha","BHSN"
"42","Bhavartha Dipika","BHDI"
"43","Bhavishya Purana","BHVP"
"44","Brahmanda Purana","BRMP"
"45","Brihad Aranyaka Upanishad","BAUP"
"46","Brihad Gautamiya Tantra","BGTN"
"47","Brihad Vishnu Purana","BVSP"
"48","Brihan Naradiya Purana","BNRP"
"49","Brihat Bhakti Tattva Sara","BBTS"
"50","Caitanya Candramrita","CCAM"
"51","Caitanya Candrodaya Nataka","CCNT"
"52","Caitanya Mangala","CMGL"
"53","Caitanya Manjusa","CMNJ"
"54","Cauragraganya Purusastakam","CAUP"
"55","Chandogya Upanishad","CHUP"
"56","Dana Keli Cintamani","DKC"
"57","Dasa Mula Tattva","DMT"
"58","Gadadharastakam","GDAST"
"59","Gandharva Samprarthanastakam","GSAST"
"60","Garga Samhita","GASM"
"61","Garuda Purana","GRDP"
"62","Gaura Ganoddesadipika","GGDP"
"63","Gauranga Balite Habe","GBH"
"64","Gautamiya Tantra","GTAN"
"65","Gita Mala","GTML"
"66","Gitavali","GTAV"
"67","Gopala Sahasra Nama","GSNAM"
"68","Gopinatha","GOPIN"
"69","Govardhana Vasa Prarthana","GVPR"
"70","Guru Carana Padma","GCPAD"
"71","Gurudeva Krpa Bindu Diya","GKBD"
"72","Gurvastakam","GVAST"
"73","Hamsaduta","HAMS"
"74","Hari Bhakti Sudhodaya","HBSU"
"75","Hitopadesa","HITO"
"76","Isopanishad","ISOP"
"77","Jagannatha Vallabha Nataka","JVNAT"
"78","Jaladakhyana Samhita","JALS"
"79","Je Anila Prema Dhana","JAPD"
"80","Jiva Jago","JIVJ"
"81","Kali Kukkura Kadana","KKKAD"
"82","Kali Santarana Upanishad","KSUP"
"83","Katha Upanishad","KATHU"
"84","Katyayana Samhita","KATS"
"85","Krama Dipika","KRMD"
"86","Krishna Karnamrita","KKAM"
"87","Krishna Nama Dhare Kata Bala","KNDB"
"88","Krishna Sandarbha","KSAN"
"89","Krishna Virahe","KRVIR"
"90","Krpa Kara Vaishnava Thakura","KKVT"
"91","Kunja Bihari Astakam","KBAST"
"92","Laghu Bhagavatamrita","LBAG"
"93","Lalita Madhava","LMAD"
"94","Mahabharata","MAHB"
"95","Mahajana Racita Gita","MRGIT"
"96","Mukta Carita","MUKC"
"97","Mukunda Mala Stotra","MMST"
"98","Mukunda Muktavali","MUKM"
"99","Mundaka Upanishad","MUND"
"100","Nama Sankirtana","NMSK"
"101","Namastaka","NAST"
"102","Narada Pancaratra","NPAN"
"103","Naradiya Purana","NPUR"
"104","Navadvipa Dhama Mahatmya","NDM"
"105","Navadvipa Sataka","NSAT"
"106","Nikunja Rahasya Stava","NRS"
"107","Nityananda Nistha Prarthana","NNP"
"108","Nityanandastakam","NITAS"
"109","Padma Purana","PADP"
"110","Padyavali","PADY"
"111","Pancaratra Pradipa","PANP"
"112","Paramatma Sandarbha","PASAN"
"113","Paurnamasi Devi Pranama","PDPRA"
"114","Prameya Ratnavali","PRAMR"
"115","Prema Bhakti Chandrika","PBCH"
"116","Prema Vivarta","PVIV"
"117","Radha Bhajana Mahima","RBHM"
"118","Radha Kripa Kataksha Stava Raja","RKKS"
"119","Radha Krishna Vijnapti","RKVJ"
"120","Radha Prarthana","RADP"
"121","Radhika Carana Padma","RCPAD"
"122","Radhikastakam","RAST"
"123","Rig Veda","RGVED"
"124","Rupa Manjari Pada","RMPAD"
"125","Sad Anga Saranagati","SASAR"
"126","Sammohana Tantra","SAMT"
"127","Sanat Kumara Samhita","SKSAM"
"128","Sandilya Bhakti Sutra","SBSUT"
"129","Saranagati","SARAN"
"130","Sata Nama Stotra","SNST"
"131","Skanda Purana","SKP"
"132","Sri Radha Nistha","SRNIS"
"133","Stava Kalpadruma","STVK"
"134","Stava Mala","STVM"
"135","Stavavali","STAV"
"136","Stotra Ratna","STRAT"
"137","Sva Sankalpa Prakasa Stotra","SSPS"
"138","Svarupa Damodara's Diary","SDDIA"
"139","Svarupa Damodara's Kadaca","SDKAD"
"140","Svetasvatara Upanishad","SVUP"
"141","Taittiriya Upanishad","TAUP"
"142","Tattva Sandarbha","TATS"
"143","Thakura Vaishnava Pada","TVP"
"144","Tri Bhangi Pancakam","TBP"
"145","Ujjvala Nilamani","UNIL"
"146","Uttara Gopala Tapani Upanishad","UGTU"
"147","Vaishnava Tantra","VATN"
"148","Vaishvanara Samhita","VSHS"
"149","Vamana Kalpa","VAMK"
"150","Varaha Purana","VARP"
"151","Vedanta Sutra","VEDS"
"152","Vidagdha Madhava","VDMAD"
"153","Vishnu Purana","VISP"
"154","Vishnu Yamala","VISY"
"155","Vraja Vilasa Stava","VVST"
"156","Vrinda Devi Astakam","VDAST"
"157","Vrindavana Mahimamrita","VRMA"
"158","Yamuna Stotram","YSTOT"
"159","Yamunastakam","YAST"
